City_ID,City,Cloudiness,Country,Date,Humidity,Lat,Lng,Max Temp,Wind Speed
0,albany,75,US,1525366440,50,42.65,-73.75,80.6,4.7
1,fortuna,20,ES,1525366800,33,38.18,-1.13,73.4,12.75
2,mahebourg,40,MU,1525366800,65,-20.41,57.7,77.0,11.41
3,luderitz,0,NA,1525368197,90,-26.65,15.16,61.91,7.4
4,velikiy ustyug,88,RU,1525368198,92,60.76,46.3,38.06,13.44
5,qaanaaq,12,GL,1525368199,98,77.48,-69.36,7.01,3.71
6,atbasar,0,KZ,1525368200,97,51.81,68.36,44.54,5.17
7,aksu,0,KZ,1525366800,70,52.04,76.93,44.6,6.71
8,hobart,75,AU,1525366800,72,-42.88,147.33,59.0,10.29
9,rikitea,68,PF,1525368201,100,-23.12,-134.97,73.07,9.64
10,gladstone,0,AU,1525368201,100,-23.84,151.26,62.45,5.39
11,flinders,88,AU,1525366800,77,-34.58,150.85,60.8,5.82
12,velykoploske,0,UA,1525365000,34,47.02,29.68,78.8,5.82
13,robertsport,8,LR,1525368204,100,6.75,-11.37,82.16,13.0
14,wuwei,32,CN,1525368204,53,37.93,102.64,44.99,5.39
15,busselton,68,AU,1525368205,100,-33.64,115.35,58.76,2.59
16,pevek,0,RU,1525368207,64,69.7,170.27,11.24,4.16
17,mulege,0,MX,1525368207,49,26.88,-111.98,71.54,4.94
18,sulangan,88,PH,1525368208,100,11.14,123.72,80.99,10.98
19,mataura,48,NZ,1525368209,98,-46.19,168.86,45.26,2.71
20,ribeira grande,75,PT,1525366800,67,38.52,-28.7,62.6,9.17
21,kodiak,75,US,1525366380,83,39.95,-94.76,73.4,18.34
22,arraial do cabo,75,BR,1525366800,94,-22.97,-42.02,75.2,9.17
23,kapaa,90,US,1525367220,94,22.08,-159.32,68.0,5.95
24,hermanus,12,ZA,1525368213,65,-34.42,19.24,59.03,6.06
25,barrow,0,AR,1525368214,68,-38.31,-60.23,66.95,9.19
26,progreso,40,UY,1525366800,77,-34.68,-56.22,69.8,9.17
27,halifax,90,CA,1525366800,71,44.65,-63.58,55.4,12.75
28,iqaluit,40,CA,1525366800,52,63.75,-68.52,17.6,5.82
29,sandnessjoen,75,NO,1525366200,75,66.02,12.63,48.2,20.8
30,paamiut,0,GL,1525368217,100,61.99,-49.67,25.37,29.1
31,avarua,40,CK,1525366800,88,-21.21,-159.78,78.8,11.41
32,vaini,12,IN,1525368220,78,15.34,74.49,76.4,3.38
33,yaan,80,NG,1525368220,87,7.38,8.57,79.73,7.4
34,oistins,20,BB,1525363200,66,13.07,-59.53,86.0,19.46
35,kutum,0,SD,1525368221,21,14.2,24.66,78.47,5.73
36,kamaishi,92,JP,1525368221,100,39.28,141.86,47.69,3.6
37,monte alegre,8,BR,1525368222,67,-2.0,-54.07,87.29,4.83
38,punta arenas,40,CL,1525366800,70,-53.16,-70.91,44.6,26.4
39,cherskiy,56,RU,1525368224,73,68.75,161.3,25.19,6.29
40,lebu,0,ET,1525368225,51,8.96,38.73,57.41,5.95
41,iberia,32,PE,1525368225,62,-11.41,-69.49,89.27,2.93
42,hithadhoo,92,MV,1525368226,98,-0.6,73.08,85.67,15.68
43,port elizabeth,1,US,1525366500,35,39.31,-74.98,89.6,16.8
44,ushuaia,40,AR,1525366800,86,-54.81,-68.31,44.6,23.04
45,nanortalik,8,GL,1525368227,100,60.14,-45.24,25.19,37.6
46,jamestown,88,AU,1525368227,95,-33.21,138.6,49.49,16.58
47,thompson,90,CA,1525363200,65,55.74,-97.86,44.6,3.36
48,matamoros,40,US,1525366500,62,25.87,-97.51,89.6,29.97
49,lompoc,75,US,1525367340,63,34.64,-120.46,60.8,8.05
50,clyde river,20,CA,1525367760,71,70.47,-68.59,8.6,4.7
51,castro,92,CL,1525368229,91,-42.48,-73.76,50.03,3.6
52,chiredzi,0,ZW,1525368229,68,-21.05,31.67,66.23,3.94
53,alto araguaia,0,BR,1525368230,26,-17.32,-53.22,90.44,5.61
54,kaitangata,92,NZ,1525368230,81,-46.28,169.85,49.31,3.6
55,atuona,92,PF,1525368231,100,-9.8,-139.03,79.73,11.21
56,east london,20,ZA,1525363200,82,-33.02,27.91,60.8,13.87
57,fort nelson,75,CA,1525366800,29,58.81,-122.69,50.0,4.7
58,burgeo,56,CA,1525368232,85,47.61,-57.61,41.48,10.98
59,severo-kurilsk,0,RU,1525368232,100,50.68,156.12,29.69,5.17
60,pangnirtung,90,CA,1525366800,72,66.15,-65.72,12.2,13.87
61,yerbogachen,68,RU,1525368145,58,61.28,108.01,32.39,2.93
62,tura,68,IN,1525368233,88,25.52,90.21,71.72,2.93
63,westport,75,IE,1525366800,87,53.8,-9.52,51.8,14.99
64,cabo san lucas,5,MX,1525362240,73,22.89,-109.91,75.2,2.26
65,tautira,20,PF,1525366800,83,-17.73,-149.15,77.0,4.7
66,kendallville,40,US,1525365420,88,41.44,-85.27,71.6,13.87
67,hay river,90,CA,1525366800,100,60.82,-115.79,33.8,9.17
68,newcastle,8,ZA,1525367973,44,-27.76,29.92,54.53,4.38
69,jeremoabo,0,BR,1525368235,85,-10.08,-38.34,79.91,12.66
70,bethel,90,US,1525366380,80,60.79,-161.76,33.8,9.17
71,pochutla,75,MX,1525362300,95,15.74,-96.47,89.6,4.83
72,las cruces,0,CL,1525366800,56,-33.5,-71.62,71.6,12.75
73,saint george,75,GR,1525366200,68,39.45,22.34,69.8,10.29
74,igarka,68,RU,1525368239,86,67.47,86.57,10.7,13.0
75,puerto ayora,20,EC,1525363200,70,-0.74,-90.35,84.2,8.05
76,rocha,36,UY,1525368240,95,-34.48,-54.34,68.66,7.85
77,pouebo,12,NC,1525368241,97,-20.4,164.57,69.11,6.85
78,russell,0,AR,1525366800,59,-33.01,-68.8,66.2,4.7
79,huejuquilla el alto,68,MX,1525368242,32,22.63,-103.9,76.04,3.71
80,tuni,40,BO,1525363200,28,-16.67,-68.14,59.0,6.93
81,tokur,0,RU,1525368148,75,53.13,132.9,27.98,2.15
82,price,1,US,1525366380,50,39.6,-110.81,55.4,9.17
83,camabatela,32,AO,1525368245,74,-8.19,15.37,70.37,2.71
84,chokurdakh,68,RU,1525368245,86,70.62,147.9,15.29,13.33
85,new norfolk,75,AU,1525366800,72,-42.78,147.06,59.0,10.29
86,longyearbyen,0,NO,1525366200,64,78.22,15.63,37.4,27.51
87,ulladulla,88,AU,1525366800,77,-35.36,150.48,60.8,5.82
88,tuktoyaktuk,75,CA,1525366800,85,69.44,-133.03,15.8,9.17
89,stanger,0,ZA,1525368248,87,-29.34,31.29,61.19,8.75
90,manhattan,40,US,1525365660,64,39.18,-96.57,75.2,11.41
91,susurluk,0,TR,1525366200,56,39.91,28.16,73.4,6.93
92,ponta delgada,75,PT,1525366800,67,37.73,-25.67,60.8,5.82
93,ust-kan,0,RU,1525368249,74,50.93,84.77,15.11,1.92
94,sibolga,48,ID,1525368249,100,1.74,98.78,70.73,2.04
95,cape town,0,ZA,1525363200,59,-33.93,18.42,66.2,9.17
96,georgetown,75,GY,1525363200,88,6.8,-58.16,78.8,13.87
97,henties bay,0,NA,1525368251,84,-22.12,14.28,68.84,6.96
98,klaksvik,56,FO,1525366200,81,62.23,-6.59,46.4,9.17
99,keetmanshoop,0,NA,1525363200,16,-26.57,18.15,84.2,2.93
100,khatanga,0,RU,1525368252,51,71.98,102.47,-3.61,2.93
101,mangrol,0,IN,1525368252,24,25.33,76.51,87.11,10.2
102,grand gaube,40,MU,1525366800,65,-20.01,57.66,77.0,11.41
103,bathsheba,20,BB,1525363200,66,13.22,-59.52,86.0,19.46
104,provideniya,56,RU,1525368253,100,64.42,-173.23,23.66,6.85
105,susanville,1,US,1525367700,36,40.42,-120.65,62.6,2.59
106,zyryanka,80,RU,1525368254,96,65.73,150.89,31.76,4.38
107,makakilo city,90,US,1525367520,94,21.35,-158.09,75.2,4.7
108,madang,88,PG,1525368254,100,-5.21,145.81,74.96,3.83
109,tupiza,80,BO,1525368255,20,-21.44,-65.72,62.45,3.71
110,kavieng,20,PG,1525368256,100,-2.57,150.8,83.6,4.38
111,volchikha,12,RU,1525368256,93,52.02,80.36,38.78,5.95
112,blagodatnoye,0,RU,1525366800,35,51.57,35.54,73.4,6.71
113,isangel,12,VU,1525368256,100,-19.55,169.27,75.41,14.45
114,urubicha,12,BO,1525368257,63,-15.63,-63.08,88.82,4.61
115,campbell river,75,CA,1525366800,82,50.02,-125.24,59.0,8.05
116,sitka,0,US,1525368257,53,37.17,-99.65,77.3,11.99
117,praia da vitoria,20,PT,1525366800,67,38.73,-27.07,62.6,7.74
118,saskylakh,12,RU,1525368258,62,71.97,114.09,0.89,4.72
119,tongren,92,CN,1525368258,95,27.72,109.18,62.99,2.71
120,high level,40,CA,1525366800,57,58.52,-117.13,48.2,9.17
121,namibe,8,AO,1525368259,97,-15.19,12.15,78.74,9.98
122,denpasar,0,ID,1525368251,100,-8.65,115.22,63.71,1.81
123,ryotsu,0,JP,1525368260,89,38.08,138.43,55.34,18.25
124,tual,68,ID,1525368260,100,-5.67,132.75,82.07,7.96
125,constitucion,80,MX,1525368260,31,23.99,-104.67,77.93,5.73
126,thessalon,40,CA,1525365300,75,46.26,-83.55,51.8,2.82
127,dikson,64,RU,1525368261,94,73.51,80.55,21.68,17.13
128,mingaora,8,PK,1525368192,91,34.78,72.36,50.39,1.7
129,bredasdorp,0,ZA,1525368261,90,-34.53,20.04,62.72,18.7
130,noormarkku,92,FI,1525366200,50,61.59,21.87,55.4,8.05
131,solnechnyy,44,RU,1525368262,44,50.72,136.64,40.31,6.17
132,port alfred,92,ZA,1525368262,85,-33.59,26.89,66.5,13.67
133,faanui,68,PF,1525368263,100,-16.48,-151.75,81.8,10.65
134,maracacume,80,BR,1525368265,91,-2.04,-45.96,80.45,7.07
135,alta floresta,20,BR,1525363200,62,-9.87,-56.08,87.8,4.7
136,nokaneng,0,BW,1525368266,36,-19.66,22.19,69.56,8.41
137,huarmey,0,PE,1525367998,53,-10.07,-78.15,77.21,4.16
138,maba,92,CN,1525368267,90,24.68,113.59,64.97,1.92
139,margate,75,AU,1525366800,72,-43.03,147.26,59.0,10.29
140,nsanje,32,MZ,1525368268,66,-16.92,35.26,78.74,8.08
141,aklavik,75,CA,1525366800,79,68.22,-135.01,28.4,4.7
142,jardim,0,BR,1525368178,33,-21.48,-56.15,91.88,7.85
143,whitianga,0,NZ,1525368270,100,-36.83,175.7,61.19,7.74
144,gushikawa,20,JP,1525366800,82,26.35,127.87,68.0,13.56
145,dingle,80,PH,1525368271,99,11.0,122.67,75.32,5.61
146,coihaique,40,CL,1525366800,45,-45.58,-72.07,48.2,9.17
147,sohag,0,EG,1525368271,24,26.55,31.7,82.97,5.84
148,birobidzhan,92,RU,1525368273,94,48.79,132.93,41.57,14.67
149,duncan,40,US,1525366560,83,34.5,-97.96,75.2,10.29
150,gadwal,32,IN,1525368274,66,16.23,77.79,82.61,6.17
151,diego de almagro,0,CL,1525368274,80,-26.39,-70.05,70.19,3.6
152,nome,75,US,1525366500,61,30.04,-94.42,82.4,13.87
153,plettenberg bay,8,ZA,1525368275,98,-34.05,23.37,60.38,5.39
154,lavrentiya,64,RU,1525368275,100,65.58,-170.99,22.49,6.06
155,semirom,48,IR,1525368276,78,31.41,51.57,46.16,1.92
156,butaritari,36,KI,1525368276,100,3.07,172.79,83.96,9.75
157,forbes,92,AU,1525368276,61,-33.38,148.01,65.15,14.23
158,saldanha,0,PT,1525368277,32,41.42,-6.55,65.24,8.75
159,san patricio,0,PY,1525368277,42,-26.98,-56.83,91.16,6.73
160,codrington,80,AU,1525368278,94,-28.95,153.24,57.14,2.37
161,tasiilaq,75,GL,1525366200,80,65.61,-37.64,30.2,4.7
162,san quintin,8,PH,1525368278,79,17.54,120.52,71.27,3.15
163,naron,20,ES,1525366800,58,43.52,-8.15,59.0,9.17
164,belyy yar,0,RU,1525366800,65,53.6,91.39,41.0,15.66
165,cerrik,90,AL,1525366200,88,41.03,19.98,64.4,2.59
166,kiunga,92,PG,1525368280,95,-6.12,141.3,75.14,1.81
167,glenwood springs,90,US,1525367400,100,39.55,-107.33,46.4,3.38
168,caravelas,0,BR,1525368281,100,-17.73,-39.27,78.65,11.77
169,shingu,32,JP,1525368281,100,33.72,135.99,61.64,17.47
170,nara,88,JP,1525366800,62,34.68,135.8,57.2,21.92
171,kostino,68,BG,1525366800,64,41.7,25.3,73.4,2.24
172,nikolskoye,20,RU,1525366800,50,59.7,30.79,57.2,8.95
173,mayumba,88,GA,1525368283,100,-3.44,10.65,79.01,6.29
174,villa union,40,BO,1525363200,62,-10.79,-65.46,89.6,6.93
175,kavaratti,8,IN,1525368284,100,10.57,72.64,84.77,8.63
176,souillac,0,FR,1525366800,42,45.6,-0.6,62.6,13.87
177,namatanai,8,PG,1525368285,100,-3.66,152.44,82.43,11.21
178,laizhou,0,CN,1525368285,91,37.18,119.93,47.24,11.32
179,skeldon,88,GY,1525368264,96,5.88,-57.13,80.54,13.89
180,vao,80,EE,1525368286,53,59.1,26.19,52.91,8.19
181,bourail,0,NC,1525368286,100,-21.57,165.5,59.57,3.49
182,san jose,48,PH,1525368081,95,15.79,120.99,72.44,2.37
183,kristiansund,75,NO,1525366200,65,63.12,7.73,48.2,17.22
184,ilulissat,75,GL,1525366200,72,69.22,-51.1,17.6,11.41
185,mutsu,100,JP,1525368289,98,41.29,141.2,47.33,5.95
186,thanh hoa,8,VN,1525368289,91,10.21,106.33,80.18,3.83
187,jiazi,0,CN,1525366800,94,19.61,110.49,77.0,2.24
188,lufkin,75,US,1525366560,61,31.34,-94.73,82.4,16.11
189,kiruna,90,SE,1525366200,93,67.86,20.23,33.8,11.41
190,tirano,64,IT,1525368000,70,46.22,10.17,48.2,13.87
191,bambous virieux,40,MU,1525366800,65,-20.34,57.76,77.0,11.41
192,madras,1,US,1525366560,39,44.63,-121.13,64.4,3.36
193,santa cruz,90,US,1525366560,81,36.97,-122.03,55.4,6.93
194,acapulco,90,MX,1525362060,79,16.86,-99.88,84.2,4.7
195,leh,92,IN,1525368294,95,34.16,77.58,20.51,1.81
196,hasaki,75,JP,1525366800,82,35.73,140.83,59.0,9.17
197,pionerskiy,88,RU,1525368294,59,61.2,62.86,37.16,5.17
198,coquimbo,20,CL,1525366800,77,-29.95,-71.34,59.0,11.41
199,melilla,75,EC,1525363200,83,-0.8,-80.23,78.8,8.05
200,honiara,20,SB,1525366800,100,-9.43,159.96,77.0,2.24
201,katsuura,75,JP,1525363680,38,33.93,134.5,60.8,17.22
202,sur,0,OM,1525368296,81,22.57,59.53,85.4,2.93
203,ribas do rio pardo,56,BR,1525368297,37,-20.45,-53.76,87.74,5.5
204,comodoro rivadavia,20,AR,1525366800,94,-45.87,-67.48,59.0,18.34
205,smolenka,8,PL,1525368297,54,54.15,22.76,71.36,8.52
206,yarada,20,IN,1525368298,99,17.65,83.27,84.77,11.77
207,hilo,75,US,1525366560,94,19.71,-155.08,73.4,4.7
208,alice springs,40,AU,1525366800,59,-23.7,133.88,60.8,8.05
209,kamiichi,64,JP,1525368299,92,36.7,137.36,39.05,2.71
210,mikkeli,0,FI,1525366200,66,61.69,27.27,50.0,8.05
211,bilibino,32,RU,1525368300,81,68.06,166.44,15.56,2.26
212,banjar,0,ID,1525368300,92,-7.37,108.54,65.24,1.59
213,chiang klang,32,TH,1525368301,96,19.29,100.86,69.92,1.7
214,bubaque,0,GW,1525366800,46,11.28,-15.83,89.6,9.17
215,meulaboh,92,ID,1525368302,100,4.14,96.13,78.74,4.5
216,yellowknife,90,CA,1525366800,95,62.45,-114.38,33.8,8.05
217,eureka,90,US,1525366500,81,40.8,-124.16,53.6,4.7
218,faya,12,SA,1525363200,29,18.39,42.45,75.2,11.41
219,klyuchi,8,RU,1525368304,77,52.25,79.17,36.17,3.38
220,carnarvon,0,ZA,1525368304,49,-30.97,22.13,50.21,9.42
221,krasnouralsk,92,RU,1525368162,42,58.36,60.04,44.45,3.6
222,port blair,88,IN,1525368305,100,11.67,92.75,81.44,0.58
223,malkangiri,0,IN,1525368305,86,18.35,81.9,73.16,2.71
224,mar del plata,0,AR,1525368306,48,-46.43,-67.52,52.73,17.25
225,padang,0,ID,1525368031,100,-0.92,100.36,84.41,4.94
226,puerto colombia,20,CO,1525366800,66,10.99,-74.96,91.4,11.41
227,surt,0,LY,1525368307,81,31.21,16.59,67.13,13.44
228,venado,20,MX,1525368307,55,22.93,-101.09,77.93,4.05
229,broken hill,0,AU,1525368307,84,-31.97,141.45,52.37,14.56
230,traverse city,90,US,1525365300,81,44.76,-85.62,55.4,4.7
231,upernavik,0,GL,1525368308,100,72.79,-56.15,11.6,2.59
232,pokhara,64,NP,1525368309,86,28.21,83.99,53.54,1.81
233,ribeira do pombal,56,BR,1525368309,62,-10.84,-38.54,82.61,13.0
234,lulea,90,SE,1525366200,100,65.58,22.15,35.6,2.24
235,knysna,40,ZA,1525363200,77,-34.04,23.05,60.8,5.82
236,filingue,0,NE,1525368310,37,14.35,3.32,95.66,2.93
237,san policarpo,44,PH,1525368311,100,12.18,125.51,77.21,4.05
238,lima,0,PE,1525368271,64,-12.06,-77.04,71.81,2.71
239,hami,36,CN,1525368311,27,42.84,93.51,61.46,11.77
240,turayf,75,SA,1525363200,28,31.68,38.65,80.6,9.17
241,nayudupeta,20,IN,1525368312,82,13.91,79.9,79.37,5.84
242,airai,92,TL,1525368312,95,-8.93,125.41,69.2,1.81
243,north bend,90,US,1525366560,81,43.41,-124.22,53.6,3.36
244,udachnyy,0,RU,1525368313,72,66.42,112.4,15.29,4.61
245,snezhnogorsk,0,RU,1525366800,26,69.19,33.23,44.6,6.71
246,yar-sale,56,RU,1525368315,69,66.83,70.83,9.89,8.63
247,kharitonovo,92,RU,1525368315,98,61.4,47.5,35.9,14.0
248,yelnya,8,RU,1525368315,46,54.58,33.19,67.76,8.97
249,wahiawa,90,US,1525367520,94,21.5,-158.02,75.2,4.7
250,havelock,5,US,1525366680,57,34.88,-76.9,80.6,10.29
251,hillside,90,US,1525367700,77,41.87,-87.88,75.2,9.17
252,mount gambier,92,AU,1525368317,98,-37.83,140.78,51.11,7.96
253,abha,36,SA,1525363200,29,18.22,42.5,75.2,11.41
254,birin,0,SY,1525368320,54,35.01,36.67,67.94,5.28
255,mahajanga,20,MG,1525363200,83,-15.72,46.32,78.8,4.7
256,port hueneme,20,US,1525366680,67,34.15,-119.2,62.6,6.93
257,chuy,24,UY,1525368322,92,-33.69,-53.46,73.25,14.79
258,batesville,90,US,1525366560,73,35.77,-91.64,78.8,9.17
259,ostersund,75,SE,1525366200,86,63.18,14.64,41.0,8.05
260,xinmin,0,CN,1525366800,42,42.0,122.83,44.6,2.24
261,sompeta,0,IN,1525368324,90,18.93,84.6,76.67,4.83
262,mandurah,0,AU,1525366800,93,-32.55,115.7,44.6,4.94
263,black river,20,JM,1525363200,62,18.03,-77.85,86.0,9.17
264,saint-philippe,90,CA,1525367940,88,45.36,-73.48,64.4,6.93
265,inhambane,40,MZ,1525363200,83,-23.87,35.38,78.8,3.36
266,harper,90,US,1525366500,78,30.3,-99.24,75.2,14.99
267,sakleshpur,20,IN,1525368327,99,12.94,75.79,68.93,2.15
268,norman wells,40,CA,1525366800,74,65.28,-126.83,35.6,6.93
269,cayenne,92,GF,1525365000,74,4.94,-52.33,84.2,13.87
270,greenfield,75,US,1525366560,39,42.59,-72.6,87.8,11.41
271,milkovo,64,BG,1525366800,64,41.53,24.68,73.4,2.24
272,kokopo,20,PG,1525368328,100,-4.34,152.27,78.92,8.63
273,salinas,90,US,1525366500,76,36.67,-121.66,55.4,3.94
274,beringovskiy,56,RU,1525368329,97,63.05,179.32,18.71,4.94
275,bandarbeyla,0,SO,1525368330,100,9.49,50.81,81.89,6.85
276,yanam,12,IN,1525368288,92,16.73,82.22,82.25,8.63
277,hofn,20,IS,1525366800,70,64.25,-15.21,42.8,27.51
278,parana,75,BR,1525363200,74,-7.52,-72.89,84.2,3.36
279,zhigansk,0,RU,1525368331,75,66.77,123.37,21.14,6.4
280,mount isa,32,AU,1525366800,63,-20.73,139.49,60.8,6.85
281,san lorenzo,0,HN,1525368332,63,13.43,-87.45,91.07,1.81
282,kinablangan,44,PH,1525368333,100,7.69,126.55,79.73,5.73
283,elk city,1,US,1525366500,53,35.41,-99.4,78.8,12.75
284,hualmay,0,PE,1525368334,79,-11.1,-77.61,73.07,5.5
285,hamada,100,JP,1525368334,93,34.9,132.08,50.39,15.57
286,vestmanna,76,FO,1525366200,81,62.16,-7.17,46.4,9.17
287,inuvik,90,CA,1525366800,68,68.36,-133.71,28.4,2.24
288,sijunjung,64,ID,1525368336,96,-0.69,100.95,70.46,1.7
289,buckeye,1,US,1525366680,32,33.37,-112.58,71.6,8.05
290,meadow lake,75,CA,1525363200,54,54.13,-108.44,55.4,14.99
291,calabozo,44,VE,1525368337,72,8.92,-67.43,86.84,13.22
292,bluff,0,AU,1525368338,91,-23.58,149.07,58.76,2.59
293,grindavik,75,IS,1525366800,64,63.84,-22.43,39.2,28.86
294,san antonio,0,CL,1525366800,56,-33.58,-71.61,71.6,12.75
295,bahia blanca,36,AR,1525368335,68,-38.72,-62.27,64.07,9.53
296,kattivakkam,20,IN,1525366800,70,13.22,80.32,89.6,5.82
297,geraldton,75,CA,1525366800,43,49.72,-86.95,55.4,5.82
298,aranos,0,NA,1525368341,29,-24.14,19.11,64.97,4.38
299,sisimiut,80,GL,1525368341,92,66.94,-53.67,13.04,3.15
300,anloga,20,GH,1525363200,65,5.79,0.9,82.4,3.36
301,sao joao da barra,75,BR,1525364400,94,-21.64,-41.05,73.4,6.93
302,egvekinot,12,RU,1525368342,79,66.32,-179.17,11.42,2.59
303,oyama,75,JP,1525366800,67,36.31,139.8,57.2,13.87
304,esperance,40,TT,1525363200,58,10.24,-61.45,87.8,17.22
305,okoneshnikovo,68,RU,1525368343,62,54.84,75.08,39.41,7.4
306,ambilobe,0,MG,1525368343,52,-13.19,49.05,78.2,11.99
307,iskateley,12,RU,1525368344,72,67.68,53.15,16.73,7.63
308,aykhal,0,RU,1525368344,71,65.95,111.51,13.49,2.59
309,puerto narino,75,CO,1525365000,94,-3.77,-70.38,80.6,4.7
310,richards bay,88,ZA,1525368345,97,-28.77,32.06,64.16,6.51
311,kirakira,88,SB,1525368345,100,-10.46,161.92,82.52,10.54
312,strezhevoy,0,RU,1525366800,67,60.73,77.6,21.2,4.47
313,portland,75,US,1525366560,63,45.52,-122.67,62.6,6.93
314,flin flon,75,CA,1525366800,41,54.77,-101.88,57.2,5.82
315,atherton,48,GB,1525366200,58,53.52,-2.49,53.6,5.82
316,tuatapere,8,NZ,1525368347,100,-46.13,167.69,50.21,4.72
317,luorong,92,CN,1525368348,86,24.41,109.6,70.73,4.83
318,patitirion,40,GR,1525366200,88,39.15,23.87,68.0,5.82
319,nuuk,75,GL,1525366200,58,64.17,-51.74,28.4,8.05
320,pisco,0,PE,1525363200,73,-13.71,-76.2,69.8,5.82
321,novaya zaimka,92,RU,1525368349,49,56.49,66.92,45.8,3.6
322,sabang,68,PH,1525368349,97,13.72,123.58,79.91,7.29
323,komsomolskiy,56,RU,1525368350,71,67.55,63.78,8.99,6.17
324,creel,24,MX,1525368350,28,27.75,-107.63,66.41,10.2
325,koslan,8,RU,1525368351,65,63.46,48.9,31.67,6.4
326,hamilton,20,BM,1525362900,64,32.3,-64.78,71.6,8.05
327,vanavara,20,RU,1525368351,50,60.35,102.28,32.57,6.4
328,dunedin,44,NZ,1525368205,86,-45.87,170.5,41.57,3.38
329,krasnyy chikoy,92,RU,1525368352,96,50.36,108.75,46.43,4.94
330,sretensk,48,RU,1525368353,39,52.24,117.7,48.59,6.62
331,viedma,0,AR,1525368353,41,-40.81,-62.99,63.26,13.0
332,puerto madryn,0,AR,1525368353,66,-42.77,-65.04,58.13,23.17
333,ahipara,8,NZ,1525368354,100,-35.17,173.16,46.25,3.71
334,xiamen,0,CN,1525366800,73,24.46,118.07,69.8,8.95
335,havre-saint-pierre,20,CA,1525366800,55,50.23,-63.6,39.2,10.29
336,vanimo,44,PG,1525368354,100,-2.67,141.3,83.69,1.36
337,kamina,8,CD,1525368355,75,-8.74,25.0,74.24,3.38
338,dubbo,75,AU,1525366800,49,-32.25,148.6,69.8,14.99
339,atambua,20,ID,1525368355,100,-9.11,124.89,75.41,6.17
340,necochea,0,AR,1525368356,86,-38.55,-58.74,64.97,8.75
341,husavik,20,CA,1525368356,78,50.56,-96.99,58.67,9.98
342,indianola,90,US,1525366380,93,40.24,-100.42,53.6,16.11
343,mocuba,76,MZ,1525368357,86,-16.84,36.99,73.7,5.17
344,marsabit,0,KE,1525368357,72,2.34,37.99,76.49,8.97
345,coolum beach,80,AU,1525368358,100,-26.53,153.09,66.95,2.48
346,haines junction,8,CA,1525368358,48,60.75,-137.51,31.4,3.04
347,mandera,36,ET,1525368360,43,3.94,41.86,86.21,9.53
348,santo antonio do ica,76,BR,1525368360,92,-3.1,-67.94,78.38,4.38
349,srednekolymsk,92,RU,1525368360,100,67.46,153.71,31.22,5.84
350,dhidhdhoo,44,MV,1525368361,100,6.88,73.1,85.94,8.97
351,moscow,0,RU,1525366800,39,55.75,37.62,68.0,4.47
352,gallup,75,US,1525366380,57,35.53,-108.74,48.2,12.75
353,karlskoga,75,SE,1525366200,93,59.33,14.52,46.4,8.05
354,el sauce,0,SV,1525366200,44,13.67,-87.8,95.0,4.7
355,atar,0,MR,1525368364,15,20.52,-13.05,86.39,7.96
356,saint-louis,75,CH,1525366800,58,47.59,7.56,59.0,14.99
357,bucerias,80,MX,1525368366,100,20.76,-105.33,79.37,2.59
358,mpika,0,ZM,1525368366,81,-11.84,31.4,65.96,8.63
359,taoudenni,36,ML,1525368366,11,22.68,-3.98,88.91,11.43
360,batagay-alyta,92,RU,1525368165,92,67.8,130.41,25.55,4.61
361,waiouru,8,NZ,1525368177,75,-39.48,175.67,28.43,2.48
362,spring hill,1,US,1525367700,39,28.46,-82.54,86.0,4.7
363,hanna,36,CA,1525368369,36,51.64,-111.93,63.98,7.07
364,aswan,0,EG,1525363200,9,24.09,32.9,104.0,3.36
365,iquitos,75,PE,1525363200,74,-3.75,-73.25,84.2,4.7
366,at-bashi,92,KG,1525368370,100,41.17,75.81,34.64,2.82
367,burnie,92,AU,1525368371,100,-41.05,145.91,56.87,18.48
368,veraval,0,FR,1525366800,47,49.65,0.71,57.2,9.17
369,hambantota,0,LK,1525368372,100,6.12,81.12,82.34,7.07
370,arman,90,RU,1525366800,100,59.7,150.17,26.6,2.48
371,kwinana,0,AU,1525367640,93,-32.25,115.77,44.6,5.82
372,puerto el triunfo,0,SV,1525366200,44,13.27,-88.55,95.0,4.7
373,llanes,48,ES,1525368374,91,43.42,-4.75,40.22,2.26
374,ilo,0,PE,1525368374,78,-17.65,-71.34,68.66,3.71
375,waharoa,0,NZ,1525368374,79,-37.76,175.76,38.24,2.71
376,caluquembe,100,AO,1525368375,37,-13.78,14.68,72.98,0.58
377,kidal,0,ML,1525368375,9,18.44,1.41,93.68,7.07
378,verkhoyansk,68,RU,1525368375,82,67.55,133.39,27.71,3.83
379,lancaster,1,US,1525366680,45,40.04,-76.31,87.8,19.46
380,cidreira,24,BR,1525368376,82,-30.17,-50.22,80.99,8.75
381,maltahohe,0,NA,1525368376,35,-24.83,16.98,62.54,2.15
382,celestun,0,MX,1525368377,89,20.87,-90.4,83.24,11.88
383,port lincoln,56,AU,1525368377,99,-34.72,135.86,59.39,21.94
384,salto,75,UY,1525363200,100,-31.39,-57.96,66.2,9.17
385,antalaha,68,MG,1525368378,90,-14.9,50.28,74.6,11.21
386,palmer,90,US,1525366560,56,61.6,-149.11,41.0,5.82
387,chimbote,0,PE,1525368379,80,-9.08,-78.59,71.45,5.95
388,ponta do sol,0,BR,1525368380,44,-20.63,-46.0,81.08,4.16
389,guerrero negro,0,MX,1525368380,56,27.97,-114.04,68.03,8.41
390,mbanza-ngungu,44,CD,1525368380,76,-5.25,14.87,78.2,3.38
391,gaoual,24,GN,1525368381,29,11.75,-13.2,98.27,3.71
392,cururupu,92,BR,1525368381,84,-1.82,-44.87,82.16,8.19
393,anadyr,90,RU,1525366800,85,64.73,177.51,15.8,8.95
394,vilhena,75,BR,1525363200,58,-12.74,-60.15,86.0,8.05
395,tiksi,76,RU,1525368382,81,71.64,128.87,7.91,3.27
396,amos,90,CA,1525364640,80,48.57,-78.12,42.8,9.17
397,salalah,0,OM,1525362600,66,17.01,54.1,86.0,9.17
398,sobolevo,24,RU,1525368383,52,54.43,31.9,67.04,8.63
399,ishigaki,64,JP,1525368384,100,24.34,124.16,73.07,14.45
400,vokhma,64,RU,1525368384,91,58.93,46.76,49.31,8.63
401,narsaq,20,GL,1525366200,25,60.91,-46.05,28.4,8.05
402,nago,75,IT,1525366200,72,45.88,10.89,68.0,4.7
403,pacific grove,90,US,1525366500,71,36.62,-121.92,55.4,6.93
404,saint anthony,1,US,1525366560,43,43.97,-111.68,53.6,4.27
405,bay roberts,90,CA,1525366800,100,47.58,-53.28,33.8,20.8
406,okha,0,RU,1525368388,82,53.59,142.95,24.29,10.76
407,mnogovershinnyy,0,RU,1525368156,62,53.94,139.92,30.32,3.71
408,xique-xique,8,BR,1525368389,57,-10.82,-42.73,86.21,11.21
409,maple creek,0,CA,1525368390,33,49.91,-109.46,65.24,9.53
410,college,75,US,1525366680,59,64.86,-147.8,35.6,9.17
411,mercedes,20,UY,1525368391,99,-33.25,-58.03,71.0,8.86
412,thai binh,56,VN,1525368392,96,20.45,106.33,73.97,2.93
413,matay,88,EG,1525368392,21,28.42,30.79,89.54,9.08
414,melfi,40,IT,1525362900,60,41.0,15.66,68.0,20.8
415,saint-ambroise,0,FR,1525366800,51,47.25,-0.65,59.0,6.93
416,vikulovo,0,RU,1525368395,54,55.07,40.96,63.08,10.98
417,karratha,0,AU,1525368395,74,-20.74,116.85,62.27,6.29
418,itapipoca,88,BR,1525368396,84,-3.5,-39.58,80.54,4.72
419,port macquarie,44,AU,1525366800,100,-31.43,152.91,57.2,8.97
420,candido mendes,76,BR,1525368397,100,-1.45,-45.72,79.73,9.98
421,tambo grande,20,EC,1525363200,66,-3.58,-79.83,84.2,13.87
422,katherine,24,AU,1525366800,73,-14.47,132.26,69.8,5.82
423,banda aceh,92,ID,1525368398,100,5.56,95.32,75.59,1.14
424,senador jose porfirio,48,BR,1525368400,75,-2.59,-51.95,84.68,4.83
425,maroantsetra,56,MG,1525368401,94,-15.43,49.74,72.53,6.62
426,leshukonskoye,12,RU,1525368401,70,64.9,45.76,33.02,6.06
427,newport,36,GB,1525366200,66,51.59,-3.0,57.2,13.87
428,hervey bay,56,AU,1525368402,100,-25.3,152.85,69.47,2.37
429,wajir,64,KE,1525368403,67,1.75,40.07,79.82,6.73
430,balkhash,0,KZ,1525368404,100,46.84,74.98,47.69,4.72
431,uyuni,0,BO,1525368407,24,-20.46,-66.82,62.45,6.29
432,hobyo,8,SO,1525368407,91,5.35,48.53,79.82,8.75
433,bend,1,US,1525366560,48,44.06,-121.32,64.4,5.82
434,loding,75,DE,1525366200,82,48.05,12.68,62.6,5.82
435,sao felix do xingu,48,BR,1525368410,84,-6.64,-51.99,79.73,2.93
436,tabatinga,0,BR,1525368411,28,-21.74,-48.69,89.36,5.17
437,tazovskiy,88,RU,1525368411,84,67.47,78.7,12.95,16.46
438,finschhafen,32,PG,1525368412,96,-6.6,147.85,72.17,2.37
439,sri aman,36,MY,1525366800,100,1.24,111.46,73.4,1.14
440,samarai,64,PG,1525368413,100,-10.62,150.67,81.26,14.23
441,rjukan,0,NO,1525366200,37,59.88,8.59,53.6,18.34
442,kankakee,90,US,1525367700,78,41.12,-87.86,75.2,13.87
443,kortkeros,90,RU,1525366800,100,61.81,51.56,33.8,11.18
444,pontianak,56,ID,1525368415,100,-0.02,109.34,77.21,2.04
445,dahegam,0,IN,1525363200,56,23.17,72.82,93.2,5.82
446,port shepstone,36,ZA,1525368417,77,-30.74,30.45,69.11,26.53
447,aubenas,0,FR,1525366800,59,44.62,4.39,60.8,26.4
448,port hedland,0,AU,1525366800,53,-20.31,118.58,75.2,12.75
449,puntarenas,40,CR,1525363200,54,9.98,-84.84,82.4,13.87
450,dauriya,68,RU,1525368418,34,49.93,116.85,51.2,17.58
451,krasnokamensk,44,RU,1525368420,41,50.1,118.04,43.01,6.4
452,gander,90,CA,1525366800,93,48.95,-54.61,35.6,11.41
453,port keats,12,AU,1525368420,93,-14.25,129.55,76.67,3.71
454,rio grande,20,BR,1525366800,73,-32.03,-52.1,77.0,6.93
455,dundalk,0,US,1525367820,29,39.26,-76.52,91.4,8.05
456,fernandez,92,PH,1525368422,100,11.38,122.76,75.95,3.38
457,jind,44,IN,1525368422,47,29.31,76.32,82.34,11.65
458,victoria,75,BN,1525366800,94,5.28,115.24,77.0,2.24
459,daru,80,SL,1525368424,92,7.99,-10.85,79.64,7.96
460,tarakan,64,ID,1525368424,100,3.3,117.63,76.49,3.49
461,teseney,0,ER,1525368426,22,15.11,36.66,79.01,6.17
462,urucara,8,BR,1525368426,67,-2.54,-57.76,87.56,2.93
463,kloulklubed,90,PW,1525366200,88,7.04,134.26,80.6,8.05
464,sao sebastiao,12,BR,1525368428,75,-3.15,-58.36,85.31,3.38
465,leo,44,BF,1525368430,35,11.1,-2.1,94.49,0.92
466,lamballe,0,FR,1525366800,66,48.47,-2.52,53.6,10.29
467,adrar,0,DZ,1525366800,11,27.87,-0.29,86.0,4.16
468,acajutla,0,SV,1525366200,66,13.59,-89.83,89.6,5.82
469,walvis bay,0,NA,1525363200,28,-22.95,14.51,82.4,11.41
470,los llanos de aridane,40,ES,1525366800,64,28.66,-17.92,69.8,12.75
471,mumford,0,GH,1525368432,74,5.26,-0.76,83.51,14.45
472,santa rosa,32,AR,1525368434,77,-36.62,-64.29,64.88,4.72
473,kingseat,75,GB,1525366200,71,56.1,-3.41,51.8,16.11
474,alofi,8,NU,1525366800,88,-19.06,-169.92,78.8,5.82
475,kununurra,32,AU,1525366800,94,-15.77,128.74,71.6,2.71
476,rongcheng,0,CN,1525368435,58,37.16,122.42,48.5,13.22
477,nyurba,88,RU,1525368436,71,63.29,118.35,36.26,2.93
478,menongue,0,AO,1525368436,43,-14.66,17.68,66.68,3.83
479,horodnytsya,0,UA,1525368436,30,50.81,27.32,72.53,6.85
480,tefe,20,BR,1525366800,66,-3.35,-64.71,87.8,9.17
481,rovaniemi,90,FI,1525366200,83,66.5,25.72,41.0,9.17
482,oksfjord,0,NO,1525366200,94,70.24,22.35,42.8,25.28
483,eyl,68,SO,1525368440,100,7.98,49.82,77.84,3.6
484,kuching,75,MY,1525366800,94,1.56,110.34,77.0,2.24
485,kahului,75,US,1525366560,100,20.89,-156.47,75.2,6.4
486,yuzhnyy,12,RU,1525368441,71,53.54,39.45,65.33,2.93
487,san cristobal,75,EC,1525363200,67,-0.39,-78.55,60.8,9.17
488,mariel,40,CU,1525362900,69,22.99,-82.75,82.4,16.11
489,miramar,40,CR,1525363200,54,10.09,-84.73,82.4,13.87
490,zarand,48,IR,1525368443,64,30.81,56.57,57.41,2.59
491,kolo,68,TZ,1525368443,75,-4.73,35.84,68.66,8.63
492,kasempa,44,ZM,1525368445,67,-13.46,25.83,68.57,5.17
493,sorland,75,NO,1525366200,53,67.67,12.69,50.0,6.93
494,gunjur,0,GM,1525366800,42,13.18,-16.76,86.0,13.87
495,saurimo,88,AO,1525368449,56,-9.66,20.4,75.41,3.94
496,petauke,48,ZM,1525368449,56,-14.25,31.33,73.43,7.52
497,zhezkazgan,0,KZ,1525368450,75,47.8,67.71,51.56,5.39
498,lagoa,0,PT,1525366800,68,37.14,-8.45,69.8,9.17
499,kongolo,20,CD,1525368451,82,-5.39,27.0,73.79,2.15
500,challapata,0,BO,1525368451,49,-18.9,-66.78,54.08,4.38
501,gigmoto,76,PH,1525368452,100,13.78,124.39,81.53,7.85
502,balsas,80,BR,1525368452,59,-7.53,-46.04,85.4,6.4
503,lukulu,56,ZM,1525368453,43,-14.38,23.24,74.51,5.06
504,west wendover,1,US,1525366560,23,40.74,-114.07,62.6,8.05
505,bartica,75,GY,1525363200,88,6.41,-58.62,78.8,13.87
506,nizhniy odes,8,RU,1525368455,73,63.64,54.86,28.7,5.84
507,baruun-urt,12,MN,1525368456,32,46.68,113.28,54.17,12.77
508,arlit,0,NE,1525368456,9,18.74,7.39,96.11,8.86
509,kita,75,JP,1525366800,82,35.76,139.74,60.8,12.75
510,naze,75,NG,1525366800,83,5.43,7.07,78.8,5.82
511,kroya,20,ID,1525368458,93,-6.5,108.06,71.63,2.71
512,riviere-au-renard,40,CA,1525366800,60,49.0,-64.4,41.0,8.05
513,emerald,0,AU,1525368459,93,-23.53,148.16,60.02,2.82
514,lom sak,48,TH,1525368459,96,16.78,101.24,70.46,2.59
515,moindou,0,NC,1525366800,87,-21.69,165.68,60.8,2.24
516,christchurch,90,NZ,1525366800,93,-43.53,172.64,42.8,2.24
517,ta khmau,40,KH,1525366800,79,11.48,104.95,84.2,8.05
518,lorengau,32,PG,1525368460,100,-2.02,147.27,82.43,6.73
519,ziarat,36,PK,1525368461,30,30.38,67.73,52.64,3.6
520,ayagoz,0,KZ,1525368461,62,47.96,80.43,31.04,5.95
521,quatre cocos,40,MU,1525366800,65,-20.21,57.76,77.0,11.41
522,sao filipe,0,CV,1525368462,91,14.9,-24.5,72.71,19.48
523,sarandi,12,BR,1525368462,59,-27.94,-52.92,82.07,12.88
524,kingisepp,56,RU,1525368463,57,59.38,28.61,55.88,6.17
525,lumsden,40,CA,1525366800,33,50.65,-104.86,62.6,21.92
526,coihueco,90,CL,1525366800,93,-36.63,-71.83,57.2,8.05
527,bonen,0,FR,1525366800,66,48.2,-3.31,60.8,10.29
528,adelaide,75,AU,1525366980,67,-34.93,138.6,57.2,28.86
529,japura,80,ID,1525368466,97,-0.42,102.29,73.16,1.81
530,baykit,36,RU,1525368467,73,61.68,96.39,16.46,9.98
531,yarmouth,0,GB,1525366200,54,50.71,-1.5,60.8,10.29
532,belmonte,32,PT,1525368468,61,40.36,-7.35,61.19,7.96
533,chilliwack,90,CA,1525366800,63,49.17,-121.95,60.8,2.24
534,imbituba,75,BR,1525366800,78,-28.24,-48.67,77.0,11.41
535,kawalu,44,ID,1525368469,93,-7.38,108.21,63.8,1.36
536,tandil,0,AR,1525368469,88,-37.33,-59.14,63.71,8.41
537,esso,12,RU,1525368469,69,55.93,158.7,9.17,3.15
538,datong,8,CN,1525368470,64,40.09,113.3,38.6,3.15
539,talnakh,68,RU,1525368470,92,69.49,88.39,11.96,9.64
540,vila do maio,40,CV,1525366800,60,15.13,-23.22,75.2,23.04
541,carpentras,0,FR,1525366800,59,44.06,5.05,64.4,26.4
542,avera,1,US,1525367700,39,33.19,-82.53,80.6,4.7
543,lata,68,IN,1525368472,97,30.78,78.62,47.78,1.14
544,okhotsk,0,RU,1525368472,95,59.36,143.24,24.47,2.59
545,vardo,40,US,1525367700,35,39.62,-77.74,89.6,11.41
546,hofu,75,JP,1525366800,54,34.05,131.57,57.2,20.8
547,otradnoye,20,RU,1525366800,50,59.77,30.8,57.2,8.95
548,basco,90,US,1525367700,82,40.33,-91.2,71.6,9.17
549,port pirie,44,AU,1525366800,93,-33.18,138.01,50.0,9.17
550,den helder,20,NL,1525366500,62,52.96,4.76,51.8,6.93
551,kepno,36,PL,1525368479,73,51.28,17.99,70.19,7.07
552,puro,76,PH,1525368480,95,13.13,123.76,77.66,3.49
553,sehwan,0,PK,1525366800,38,26.43,67.86,89.6,6.93
554,mogzon,12,RU,1525368481,79,51.74,111.97,39.23,5.06
555,ancud,64,CL,1525368482,67,-41.87,-73.83,53.09,5.39
556,port augusta,76,AU,1525366800,93,-32.49,137.76,50.0,9.17
557,berlevag,0,NO,1525366200,60,70.86,29.09,39.2,19.46
558,marevo,0,BA,1525366800,43,43.57,18.7,69.8,12.75
559,rio gallegos,0,AR,1525363200,86,-51.62,-69.22,46.4,25.28
560,kruisfontein,88,ZA,1525368485,92,-34.0,24.73,64.79,4.94
561,dwarka,20,IN,1525366800,54,28.58,77.04,84.2,11.41
562,chifeng,0,CN,1525368487,42,42.27,118.96,36.8,2.48
563,hargeysa,0,SO,1525368488,61,9.56,44.06,69.29,6.62
564,kaniama,12,CD,1525368488,60,-7.57,24.18,76.76,3.49
565,khandyga,56,RU,1525368489,88,62.65,135.58,36.17,5.28
566,kirovskiy,48,RU,1525368489,90,45.09,133.51,38.69,6.17
567,monrovia,75,LR,1525366800,66,6.33,-10.8,89.6,17.22
568,hays,90,US,1525367940,82,38.88,-99.33,64.4,13.87
569,lekoni,64,GA,1525368490,93,-1.58,14.26,73.07,3.6
570,altay,44,CN,1525368491,91,47.83,88.13,20.51,2.59
